[{
    "login": "edward@email.com",
    "name": "Edward",
    "timestamp": {"$date": 1358985600000},
    "content": "Lorem ipsum dolor sit amet, consectetur adipiscing elit. Phasellus mollis eros lobortis, dictum arcu vel, auctor dui. Maecenas at leo nec quam vestibulum venenatis sit amet quis purus. Sed maximus ultricies massa, euismod consectetur nulla tincidunt non. In vel nibh vehicula, tincidunt dui vel, viverra magna. Quisque viverra ex ut tristique viverra. Fusce id pharetra neque, sit amet sagittis ex. Curabitur cursus nisl vitae sem maximus auctor. Vivamus id risus et odio ullamcorper dapibus. Quisque sem diam, gravida sed nulla quis, bibendum fringilla arcu. Ut consectetur lorem lobortis, lobortis odio non, semper enim. Duis maximus nisl nisi, vitae pretium lorem suscipit vel. Sed id nisi iaculis, hendrerit urna eu, interdum diam. Cras facilisis elit a tempus semper. "
},
{
    "login": "edward@email.com",
    "name": "Edward",
    "timestamp": {"$date": 1358985800000},
    "content": "Lorem ipsum dolor sit amet, consectetur adipiscing elit. Phasellus mollis eros lobortis, dictum arcu vel, auctor dui. Maecenas at leo nec quam vestibulum venenatis sit amet quis purus. Sed maximus ultricies massa, euismod consectetur nulla tincidunt non. In vel nibh vehicula, tincidunt dui vel, viverra magna. Quisque viverra ex ut tristique viverra. Fusce id pharetra neque, sit amet sagittis ex. Curabitur cursus nisl vitae sem maximus auctor. Vivamus id risus et odio ullamcorper dapibus. Quisque sem diam, gravida sed nulla quis, bibendum fringilla arcu. Ut consectetur lorem lobortis, lobortis odio non, semper enim. Duis maximus nisl nisi, vitae pretium lorem suscipit vel. Sed id nisi iaculis, hendrerit urna eu, interdum diam. Cras facilisis elit a tempus semper. "
},
{
    "login": "edward@email.com",
    "name": "Edward",
    "timestamp": {"$date": 1358985900000},
    "content": "Lorem ipsum dolor sit amet, consectetur adipiscing elit. Phasellus mollis eros lobortis, dictum arcu vel, auctor dui. Maecenas at leo nec quam vestibulum venenatis sit amet quis purus. Sed maximus ultricies massa, euismod consectetur nulla tincidunt non. In vel nibh vehicula, tincidunt dui vel, viverra magna. Quisque viverra ex ut tristique viverra. Fusce id pharetra neque, sit amet sagittis ex. Curabitur cursus nisl vitae sem maximus auctor. Vivamus id risus et odio ullamcorper dapibus. Quisque sem diam, gravida sed nulla quis, bibendum fringilla arcu. Ut consectetur lorem lobortis, lobortis odio non, semper enim. Duis maximus nisl nisi, vitae pretium lorem suscipit vel. Sed id nisi iaculis, hendrerit urna eu, interdum diam. Cras facilisis elit a tempus semper. "
},
{
    "login": "shao@email.com",
    "name": "Shao",
    "timestamp": {"$date": 1358986600000},
    "content": "Lorem ipsum dolor sit amet, consectetur adipiscing elit. Phasellus mollis eros lobortis, dictum arcu vel, auctor dui. Maecenas at leo nec quam vestibulum venenatis sit amet quis purus. Sed maximus ultricies massa, euismod consectetur nulla tincidunt non. In vel nibh vehicula, tincidunt dui vel, viverra magna. Quisque viverra ex ut tristique viverra. Fusce id pharetra neque, sit amet sagittis ex. Curabitur cursus nisl vitae sem maximus auctor. Vivamus id risus et odio ullamcorper dapibus. Quisque sem diam, gravida sed nulla quis, bibendum fringilla arcu. Ut consectetur lorem lobortis, lobortis odio non, semper enim. Duis maximus nisl nisi, vitae pretium lorem suscipit vel. Sed id nisi iaculis, hendrerit urna eu, interdum diam. Cras facilisis elit a tempus semper. "
},
{
    "login": "shao@email.com",
    "name": "Shao",
    "timestamp": {"$date": 1358986600000},
    "content": "Lorem ipsum dolor sit amet, consectetur adipiscing elit. Phasellus mollis eros lobortis, dictum arcu vel, auctor dui. Maecenas at leo nec quam vestibulum venenatis sit amet quis purus. Sed maximus ultricies massa, euismod consectetur nulla tincidunt non. In vel nibh vehicula, tincidunt dui vel, viverra magna. Quisque viverra ex ut tristique viverra. Fusce id pharetra neque, sit amet sagittis ex. Curabitur cursus nisl vitae sem maximus auctor. Vivamus id risus et odio ullamcorper dapibus. Quisque sem diam, gravida sed nulla quis, bibendum fringilla arcu. Ut consectetur lorem lobortis, lobortis odio non, semper enim. Duis maximus nisl nisi, vitae pretium lorem suscipit vel. Sed id nisi iaculis, hendrerit urna eu, interdum diam. Cras facilisis elit a tempus semper. "
},
{
    "login": "Maria@email.com",
    "name": "Maria",
    "timestamp": {"$date": 1358987600000},
    "content": "Lorem ipsum dolor sit amet, consectetur adipiscing elit. Phasellus mollis eros lobortis, dictum arcu vel, auctor dui. Maecenas at leo nec quam vestibulum venenatis sit amet quis purus. Sed maximus ultricies massa, euismod consectetur nulla tincidunt non. In vel nibh vehicula, tincidunt dui vel, viverra magna. Quisque viverra ex ut tristique viverra. Fusce id pharetra neque, sit amet sagittis ex. Curabitur cursus nisl vitae sem maximus auctor. Vivamus id risus et odio ullamcorper dapibus. Quisque sem diam, gravida sed nulla quis, bibendum fringilla arcu. Ut consectetur lorem lobortis, lobortis odio non, semper enim. Duis maximus nisl nisi, vitae pretium lorem suscipit vel. Sed id nisi iaculis, hendrerit urna eu, interdum diam. Cras facilisis elit a tempus semper. "
}]
